1,IQ742972143615791000,9/6/2018 23:14,680,BILL PAID,TRANSACTION FAILED
2,BJ314346181768895000,27/9/2018 10:34,191,BILL PAID,NO CREDIT
3,GS558700168659882000,20/4/2021 16:24,463,BILL PAID,NA
4,GL552704419654905000,24/10/2016 18:42,18,BILL PAID,TRANSACTION FAILED
5,HN366222419943180000,27/11/2019 6:10,292,BILL PAID,NA
6,YV342900257537195000,15/12/2021 10:17,127,BILL PAID,WIFI FAILED
7,JE816379216583053000,4/9/2021 16:58,49,BILL PAID,WRONG PASSWORD
8,MW928554093277762000,16/8/2016 8:16,699,BILL PENDING PAYMENT,TRANSACTION FAILED
9,VN369199179268870000,30/12/2017 17:31,293,BILL PENDING PAYMENT,WIFI FAILED
10,AF773688353772767000,29/11/2021 3:03,537,BILL PENDING PAYMENT,TRANSACTION FAILED
11,FF927184930632767000,2/6/2016 14:22,745,BILL PAID,NO CREDIT
12,MV801637021924554000,30/12/2020 10:27,830,BILL PAID,WRONG PASSWORD
13,BU883206204682600000,10/7/2020 15:28,705,BILL PENDING PAYMENT,WRONG PASSWORD
14,SO843001541488054000,5/10/2016 3:14,981,BILL PENDING PAYMENT,NO CREDIT
15,CC920304127933613000,13/11/2020 18:15,291,BILL PENDING PAYMENT,WRONG PASSWORD
16,BC306828247570444000,5/4/2021 21:53,719,BILL PAID,NA
17,FB229859706582555000,21/1/2021 19:20,89,BILL PAID,WIFI FAILED
18,WI542333420292924000,20/9/2016 5:06,776,BILL PENDING PAYMENT,NO CREDIT
19,QW822805477059839000,13/11/2020 13:29,886,BILL PAID,WIFI FAILED
20,PA270650031966493000,7/1/2016 5:33,776,BILL PAID,WIFI FAILED
21,ZG555083541564861000,16/5/2019 9:48,536,BILL PAID,NA
22,TS863629442621031000,27/6/2016 16:00,19,BILL PENDING PAYMENT,NA
23,MD331323026697001000,23/5/2017 19:50,914,BILL PAID,NO CREDIT
24,MA665946092596282000,26/2/2022 12:53,463,BILL PAID,WIFI FAILED
25,CI835389800918319000,27/8/2020 20:12,449,BILL PENDING PAYMENT,NA
26,HN227929155296973000,20/9/2019 21:58,892,BILL PENDING PAYMENT,WRONG PASSWORD
27,UD957975255819495000,6/10/2016 7:01,892,BILL PENDING PAYMENT,TRANSACTION FAILED
28,VE821017120956606000,8/7/2016 23:38,984,BILL PAID,NA
29,KU912128924786477000,31/5/2016 13:42,511,BILL PENDING PAYMENT,NO CREDIT
30,PJ638118129893707000,16/6/2016 4:25,984,BILL PAID,WIFI FAILED
31,CP241676905385014000,27/2/2022 20:43,552,BILL PENDING PAYMENT,WRONG PASSWORD
32,FL603799144443483000,9/5/2020 12:24,561,BILL PENDING PAYMENT,WIFI FAILED
33,CP748215842759492000,20/9/2021 15:40,689,BILL PENDING PAYMENT,WIFI FAILED
34,FZ805209463511598000,17/8/2020 0:29,162,BILL PENDING PAYMENT,WRONG PASSWORD
35,SK455955444276622000,20/4/2022 17:59,618,BILL PAID,WRONG PASSWORD
36,DL124587322741201000,11/1/2022 13:15,103,BILL PENDING PAYMENT,NO CREDIT
37,TQ356064596117502000,23/9/2018 18:00,15,BILL PENDING PAYMENT,WRONG PASSWORD
38,ZM883534313146759000,24/3/2016 10:02,944,BILL PAID,WRONG PASSWORD
39,ST841470480841123000,16/12/2016 17:29,983,BILL PAID,TRANSACTION FAILED
40,TA541858960603124000,2/4/2018 7:11,224,BILL PAID,NA
41,QD796928899326898000,10/5/2016 21:01,917,BILL PAID,NA
42,CL870091126086389000,5/1/2017 2:23,453,BILL PAID,WRONG PASSWORD
43,FC616053609787465000,29/8/2017 0:37,510,BILL PAID,NA
44,BM768126994477227000,27/2/2020 14:18,535,BILL PAID,WIFI FAILED
45,GU290094701080720000,4/6/2016 22:46,161,BILL PENDING PAYMENT,NA
46,ZP767686547139716000,8/10/2017 15:10,489,BILL PENDING PAYMENT,WIFI FAILED
47,TG418240633092988000,2/4/2016 7:54,240,BILL PENDING PAYMENT,NO CREDIT
48,GU521268292025058000,17/2/2019 8:38,231,BILL PENDING PAYMENT,WRONG PASSWORD
49,RV269611386252979000,23/4/2016 12:51,796,BILL PAID,WIFI FAILED
50,BM414527901394331000,12/1/2017 15:15,986,BILL PAID,WRONG PASSWORD
51,WY664873547393907000,11/2/2021 6:47,368,BILL PENDING PAYMENT,WIFI FAILED
52,WK233115446805942000,23/7/2018 21:48,668,BILL PAID,WIFI FAILED
53,EQ207763328328932000,27/4/2022 16:53,813,BILL PENDING PAYMENT,WRONG PASSWORD
54,TC687980064671714000,6/11/2018 0:20,876,BILL PAID,WIFI FAILED
55,PE373991929315965000,25/11/2018 12:59,804,BILL PENDING PAYMENT,WIFI FAILED
56,VM119760770458939000,8/3/2020 14:19,680,BILL PAID,NA
57,YR468932371385938000,16/9/2020 3:58,274,BILL PENDING PAYMENT,NA
58,II749161471651171000,27/11/2020 10:15,10,BILL PAID,WRONG PASSWORD
59,IB936160832570945000,25/8/2016 5:55,22,BILL PAID,NO CREDIT
60,NI982817365559939000,22/4/2020 20:07,621,BILL PENDING PAYMENT,NO CREDIT
61,UG140209654398995000,18/11/2018 18:17,854,BILL PAID,WRONG PASSWORD
62,XE382000416045637000,11/3/2021 3:20,346,BILL PENDING PAYMENT,WIFI FAILED
63,PL552572804732052000,20/12/2018 12:11,679,BILL PAID,NA
64,RU315939893487309000,18/7/2017 15:11,480,BILL PAID,WIFI FAILED
65,VX170950263822071000,29/12/2020 4:13,555,BILL PENDING PAYMENT,TRANSACTION FAILED
66,NG948972618433466000,19/1/2018 18:13,911,BILL PAID,WRONG PASSWORD
67,EW647171563860960000,24/12/2017 16:23,994,BILL PENDING PAYMENT,WRONG PASSWORD
68,RH655908736525284000,24/6/2021 1:48,177,BILL PAID,WIFI FAILED
69,XA797936403555799000,20/10/2016 18:53,842,BILL PAID,WIFI FAILED
70,PI824853820386650000,26/5/2017 3:40,386,BILL PAID,NA
71,XR866590698597559000,4/9/2017 9:29,479,BILL PENDING PAYMENT,TRANSACTION FAILED
72,UM917803398196926000,31/1/2021 19:34,488,BILL PAID,WIFI FAILED
73,DD583338848871910000,15/6/2021 8:37,670,BILL PAID,NO CREDIT
74,GN477563044044019000,20/5/2016 6:30,141,BILL PENDING PAYMENT,NO CREDIT
75,VV909690765703003000,9/2/2016 0:39,208,BILL PENDING PAYMENT,WIFI FAILED
76,CU972039567532557000,25/1/2020 0:30,293,BILL PENDING PAYMENT,NA
77,RP100243345288109000,8/7/2016 11:44,357,BILL PENDING PAYMENT,TRANSACTION FAILED
78,EZ605727197010872000,23/1/2016 7:43,296,BILL PAID,TRANSACTION FAILED
79,WW102209847400140000,22/12/2016 20:05,781,BILL PAID,NA
80,DH104518730445982000,31/3/2018 3:42,676,BILL PAID,TRANSACTION FAILED
81,FU536443496776611000,23/7/2016 0:51,183,BILL PENDING PAYMENT,WRONG PASSWORD
82,RT529436127993761000,27/3/2017 13:21,193,BILL PENDING PAYMENT,NA
83,RZ632416194292757000,3/11/2020 2:15,643,BILL PAID,TRANSACTION FAILED
84,KR692830010284663000,29/1/2022 21:12,194,BILL PENDING PAYMENT,NO CREDIT
85,YM531877504836362000,2/11/2019 23:21,332,BILL PENDING PAYMENT,NA
86,JR564239100661330000,23/10/2020 18:13,490,BILL PAID,WRONG PASSWORD
87,DB683735076468074000,31/1/2018 21:45,764,BILL PENDING PAYMENT,WRONG PASSWORD
88,FO557881899516006000,14/1/2019 12:13,232,BILL PENDING PAYMENT,NO CREDIT
89,EP523403496437959000,29/6/2016 5:59,355,BILL PENDING PAYMENT,NO CREDIT
90,EM443886116939682000,19/2/2018 8:35,214,BILL PAID,WRONG PASSWORD
91,GQ658312689021955000,30/12/2019 14:39,983,BILL PENDING PAYMENT,WIFI FAILED
92,PV477994165494298000,9/10/2017 0:32,757,BILL PAID,NA
93,RT710825559523245000,24/3/2021 4:22,990,BILL PAID,WRONG PASSWORD
94,YC651822550918265000,5/6/2018 2:15,910,BILL PAID,WRONG PASSWORD
95,QN819215253905258000,8/10/2018 21:37,280,BILL PENDING PAYMENT,NO CREDIT
96,HW957659425442010000,18/6/2017 0:48,701,BILL PAID,WIFI FAILED
97,YW469288078568103000,24/1/2019 13:13,730,BILL PENDING PAYMENT,NA
98,DO932500745740257000,7/6/2017 12:50,667,BILL PENDING PAYMENT,WIFI FAILED
99,PC585310251634128000,14/12/2016 6:26,142,BILL PENDING PAYMENT,NO CREDIT
100,BD974309971168901000,18/8/2021 12:24,106,BILL PAID,TRANSACTION FAILED
101,SE491172267105067000,23/11/2016 0:23,578,BILL PENDING PAYMENT,WRONG PASSWORD
102,LM247195599224215000,30/1/2016 1:54,260,BILL PAID,NA
103,VL993563528284551000,6/1/2019 12:06,278,BILL PAID,NO CREDIT
104,WE503323123702791000,14/8/2021 0:58,113,BILL PAID,WRONG PASSWORD
105,BG518425532299193000,1/9/2019 15:23,582,BILL PENDING PAYMENT,WIFI FAILED
106,RM997076385717217000,2/3/2021 10:49,343,BILL PENDING PAYMENT,TRANSACTION FAILED
107,WL264777477011162000,7/10/2016 19:31,669,BILL PENDING PAYMENT,TRANSACTION FAILED
108,FS347614182075962000,7/10/2017 7:21,93,BILL PENDING PAYMENT,NO CREDIT
109,YP984877094406166000,24/8/2021 17:04,375,BILL PENDING PAYMENT,WRONG PASSWORD
110,DF450779438696437000,20/4/2018 2:25,119,BILL PAID,WRONG PASSWORD
111,BQ777028538676453000,11/12/2018 4:05,141,BILL PENDING PAYMENT,NA
112,HZ362049925868394000,21/12/2016 14:16,899,BILL PENDING PAYMENT,TRANSACTION FAILED
113,LF967644791300256000,17/9/2017 6:15,362,BILL PAID,TRANSACTION FAILED
114,SY386238978072434000,6/5/2017 6:39,679,BILL PENDING PAYMENT,TRANSACTION FAILED
115,JL206981899988773000,15/5/2016 14:00,18,BILL PAID,NO CREDIT
116,ZA379454851354203000,21/12/2020 5:15,818,BILL PENDING PAYMENT,NO CREDIT
117,ND824148963143979000,1/7/2017 12:41,930,BILL PAID,WIFI FAILED
118,KV209408408637864000,26/11/2018 16:26,507,BILL PENDING PAYMENT,WIFI FAILED
119,SC503825305135117000,18/8/2016 16:32,547,BILL PENDING PAYMENT,WRONG PASSWORD
120,UW910906874249425000,13/10/2018 9:38,141,BILL PAID,WRONG PASSWORD
121,ZE813276121132794000,15/1/2018 12:45,688,BILL PAID,WRONG PASSWORD
122,QO684606552607751000,9/4/2020 0:50,172,BILL PENDING PAYMENT,WRONG PASSWORD
123,ZI364883134705588000,1/8/2021 12:13,474,BILL PAID,WRONG PASSWORD
124,RP753875106419132000,15/8/2016 11:39,127,BILL PENDING PAYMENT,WRONG PASSWORD
125,XT421536813201631000,4/2/2020 13:39,402,BILL PENDING PAYMENT,NA
126,QO893298999568591000,26/3/2022 9:13,401,BILL PENDING PAYMENT,WIFI FAILED
127,DU696074748728646000,22/7/2018 10:22,628,BILL PAID,WIFI FAILED
128,OL164043465509326000,26/5/2016 16:14,271,BILL PAID,TRANSACTION FAILED
129,CU229274180845378000,26/12/2020 3:12,934,BILL PENDING PAYMENT,NO CREDIT
130,BB124015136086778000,3/3/2021 11:32,544,BILL PAID,NO CREDIT
131,NP905610144472884000,26/4/2017 21:04,404,BILL PENDING PAYMENT,NO CREDIT
132,HC195888632924045000,22/12/2019 9:23,290,BILL PENDING PAYMENT,WIFI FAILED
133,SH836178273393801000,2/10/2020 8:11,982,BILL PAID,WRONG PASSWORD
134,QU329400411144833000,26/10/2017 18:23,461,BILL PENDING PAYMENT,NO CREDIT
135,RD493418975991485000,29/4/2016 17:02,354,BILL PAID,WRONG PASSWORD
136,US760998782584226000,20/8/2020 22:11,686,BILL PAID,NA
137,JZ525831972823106000,16/4/2021 11:18,132,BILL PENDING PAYMENT,NA
138,YQ712681001756061000,2/11/2017 18:31,346,BILL PENDING PAYMENT,WIFI FAILED
139,ZN114173521381287000,4/7/2019 19:46,937,BILL PENDING PAYMENT,WRONG PASSWORD
140,ZC515842985274876000,25/9/2017 22:16,762,BILL PENDING PAYMENT,WIFI FAILED
141,NO165411998477838000,13/12/2019 8:26,120,BILL PENDING PAYMENT,WRONG PASSWORD
142,MF818135728494289000,22/3/2018 22:25,641,BILL PENDING PAYMENT,WRONG PASSWORD
143,CQ652891787785627000,4/7/2017 4:39,590,BILL PAID,NO CREDIT
144,PF176762057025452000,27/9/2018 3:01,148,BILL PAID,NA
145,BC473487913587945000,27/7/2021 9:56,862,BILL PENDING PAYMENT,WRONG PASSWORD
146,TK669255392441955000,19/6/2016 20:00,249,BILL PENDING PAYMENT,WIFI FAILED
147,IZ295615907263726000,11/9/2019 4:32,430,BILL PAID,WRONG PASSWORD
148,XK752284791935765000,6/7/2021 3:33,25,BILL PAID,NO CREDIT
149,FM971608258826543000,11/10/2021 1:03,627,BILL PAID,NA
150,OX895253873508250000,23/2/2019 2:23,877,BILL PAID,TRANSACTION FAILED
151,WQ347497366614927000,25/8/2019 23:09,735,BILL PENDING PAYMENT,NA
152,NZ755932747253397000,1/6/2016 9:58,104,BILL PAID,NA
153,QT537913554146522000,21/1/2017 5:01,281,BILL PENDING PAYMENT,WIFI FAILED
154,IK663428454593534000,8/1/2020 11:27,746,BILL PENDING PAYMENT,TRANSACTION FAILED
155,SU675729811181124000,15/4/2020 20:59,226,BILL PAID,NA
156,TI818266457664534000,29/12/2017 15:55,753,BILL PAID,WIFI FAILED
157,HL692268459665498000,2/2/2019 19:54,217,BILL PENDING PAYMENT,WRONG PASSWORD
158,BB558716778907036000,13/4/2019 7:19,468,BILL PAID,TRANSACTION FAILED
159,RF127441747036737000,28/1/2020 6:15,296,BILL PENDING PAYMENT,WIFI FAILED
160,YL573707379613234000,3/3/2019 18:27,656,BILL PENDING PAYMENT,WRONG PASSWORD
161,LR104117933107139000,13/9/2020 3:16,944,BILL PAID,NA
162,DF170274467250300000,13/12/2016 16:31,533,BILL PAID,WRONG PASSWORD
163,MA211963060184303000,12/7/2016 20:15,973,BILL PENDING PAYMENT,WIFI FAILED
164,AF841914335078566000,19/4/2021 7:03,858,BILL PENDING PAYMENT,NA
165,YM718849849403625000,27/11/2018 15:44,225,BILL PAID,WRONG PASSWORD
166,TC928483028781531000,3/8/2018 17:14,925,BILL PAID,NO CREDIT
167,CC901488724914556000,24/8/2017 22:26,433,BILL PENDING PAYMENT,TRANSACTION FAILED
168,OO161525324037031000,4/1/2016 21:51,707,BILL PAID,NA
169,YG268092854442505000,23/2/2019 16:52,90,BILL PAID,NO CREDIT
170,OX307110033990748000,11/5/2017 1:32,939,BILL PENDING PAYMENT,TRANSACTION FAILED
171,UF796895327527996000,26/9/2021 12:20,572,BILL PAID,WIFI FAILED
172,XO641863226001641000,8/2/2019 11:19,657,BILL PENDING PAYMENT,TRANSACTION FAILED
173,AO656012924476261000,27/7/2020 16:53,294,BILL PENDING PAYMENT,WIFI FAILED
174,GK711373627865935000,3/12/2017 1:43,951,BILL PAID,TRANSACTION FAILED
175,SM864278635301278000,30/9/2017 1:07,365,BILL PAID,WRONG PASSWORD
176,KC883669027709657000,19/8/2016 5:32,383,BILL PENDING PAYMENT,NA
177,ZP476126365380322000,21/3/2020 11:15,400,BILL PAID,WRONG PASSWORD
178,BG410959298634706000,19/9/2017 5:35,881,BILL PAID,WIFI FAILED
179,GC601564570654941000,10/3/2019 2:13,812,BILL PAID,TRANSACTION FAILED
180,CX216821618202298000,19/2/2016 5:36,83,BILL PENDING PAYMENT,WRONG PASSWORD
181,UZ534800968765659000,2/8/2017 7:09,572,BILL PAID,WRONG PASSWORD
182,SU701175959735268000,28/3/2020 6:09,574,BILL PAID,NO CREDIT
183,BD894584349774775000,28/9/2017 3:31,702,BILL PAID,WRONG PASSWORD
184,EH689014539701227000,4/5/2021 18:14,998,BILL PAID,NO CREDIT
185,VR217226692601398000,24/4/2021 16:59,205,BILL PENDING PAYMENT,NA
186,MU296921644207052000,25/9/2019 3:43,114,BILL PAID,WRONG PASSWORD
187,HW890865472791751000,29/3/2022 9:12,20,BILL PAID,WIFI FAILED
188,RU781735592527790000,3/11/2021 3:27,720,BILL PENDING PAYMENT,WIFI FAILED
189,WQ712958327996828000,16/11/2019 3:36,623,BILL PAID,NA
190,OX175571275748120000,8/10/2021 17:21,564,BILL PENDING PAYMENT,WIFI FAILED
191,ML424962284147701000,29/12/2020 23:46,719,BILL PENDING PAYMENT,WIFI FAILED
192,ET831607365726251000,13/12/2016 13:38,191,BILL PAID,TRANSACTION FAILED
193,GB956060343079480000,6/4/2018 2:06,490,BILL PAID,WRONG PASSWORD
194,ZP110354969564446000,25/4/2019 8:19,41,BILL PAID,WRONG PASSWORD
195,VQ944320981693682000,21/8/2021 2:54,624,BILL PAID,NO CREDIT
196,OL690129374251603000,14/11/2017 0:29,666,BILL PAID,TRANSACTION FAILED
197,KN993616890341395000,24/2/2021 15:46,866,BILL PENDING PAYMENT,WIFI FAILED
198,JK221624772577199000,17/12/2016 9:34,150,BILL PENDING PAYMENT,WIFI FAILED
199,LK520080562872198000,28/8/2020 1:28,152,BILL PAID,WRONG PASSWORD
200,JI492715961398548000,30/7/2019 1:19,365,BILL PAID,TRANSACTION FAILED
201,PB271981246150647000,23/7/2018 22:08,919,BILL PAID,WRONG PASSWORD
202,JF980747023868801000,7/12/2018 1:43,1000,BILL PENDING PAYMENT,WIFI FAILED
203,OE944419922496193000,13/5/2016 2:54,369,BILL PENDING PAYMENT,TRANSACTION FAILED
204,OZ230368942644660000,13/4/2018 14:46,430,BILL PENDING PAYMENT,WIFI FAILED
205,EO389823648805875000,29/4/2020 23:32,754,BILL PAID,WIFI FAILED
206,KC869385935301023000,24/7/2021 1:34,739,BILL PAID,WRONG PASSWORD
207,EK261268881994969000,11/1/2019 12:38,858,BILL PAID,NO CREDIT
208,HA699156562447581000,7/11/2020 1:03,73,BILL PENDING PAYMENT,NA
209,PD227139236051875000,21/12/2016 9:36,84,BILL PENDING PAYMENT,NA
210,II961370580208103000,30/7/2020 20:16,233,BILL PENDING PAYMENT,WRONG PASSWORD
211,UC113360181239384000,21/12/2018 17:19,947,BILL PAID,WIFI FAILED
212,AI509523771454862000,2/5/2016 18:04,598,BILL PENDING PAYMENT,NA
213,MG361281108195043000,21/4/2019 22:25,694,BILL PAID,TRANSACTION FAILED
214,KS941999145980893000,29/4/2021 5:35,281,BILL PENDING PAYMENT,TRANSACTION FAILED
215,LR178941237570762000,2/4/2017 22:04,720,BILL PENDING PAYMENT,TRANSACTION FAILED
216,WM456532537459873000,24/2/2021 22:02,343,BILL PENDING PAYMENT,TRANSACTION FAILED
217,NV473215125368966000,4/1/2017 3:14,561,BILL PENDING PAYMENT,WRONG PASSWORD
218,CJ745844910718041000,13/6/2018 15:14,61,BILL PAID,TRANSACTION FAILED
219,HW193598152698004000,18/1/2016 2:13,633,BILL PAID,WIFI FAILED
220,VK427368839287426000,1/7/2019 7:29,702,BILL PENDING PAYMENT,WIFI FAILED
221,TW563222626550068000,27/10/2018 13:17,105,BILL PENDING PAYMENT,WIFI FAILED
222,EJ767984904992177000,25/12/2019 2:56,697,BILL PENDING PAYMENT,TRANSACTION FAILED
223,TF803261408207358000,1/4/2020 23:23,868,BILL PENDING PAYMENT,WIFI FAILED
224,RP850237385079002000,19/3/2017 19:51,841,BILL PAID,NA
225,CT740631195377966000,26/4/2016 2:18,850,BILL PAID,NO CREDIT
226,IR253930934886664000,11/12/2020 18:40,950,BILL PENDING PAYMENT,WIFI FAILED
227,IL757526600639628000,14/10/2018 23:42,314,BILL PAID,TRANSACTION FAILED
228,HY565588785454453000,4/7/2021 15:06,214,BILL PAID,WIFI FAILED
229,DE246493043258904000,8/6/2016 22:27,732,BILL PENDING PAYMENT,NA
230,AH512886532968364000,30/11/2016 17:38,102,BILL PAID,NA
231,TX951953600205366000,7/3/2021 16:39,668,BILL PENDING PAYMENT,TRANSACTION FAILED
232,DC861853571496902000,22/1/2021 1:50,524,BILL PENDING PAYMENT,TRANSACTION FAILED
233,YD811150950030640000,19/3/2016 18:07,548,BILL PAID,NO CREDIT
234,WI932460103731745000,16/7/2020 22:09,52,BILL PAID,NA
235,DZ282753996008417000,18/10/2019 13:11,960,BILL PAID,WIFI FAILED
236,VW220425682130439000,27/7/2017 2:46,132,BILL PENDING PAYMENT,WIFI FAILED
237,UT526185834724077000,27/1/2022 5:32,833,BILL PENDING PAYMENT,NA
238,XF265436102036072000,15/6/2017 18:15,155,BILL PAID,TRANSACTION FAILED
239,KN812141580431256000,4/10/2019 1:00,267,BILL PENDING PAYMENT,TRANSACTION FAILED
240,UI817438492884852000,6/2/2022 12:06,65,BILL PENDING PAYMENT,WIFI FAILED
241,ME903838014215109000,18/12/2019 10:47,975,BILL PAID,WRONG PASSWORD
242,PL779354339216313000,20/1/2020 0:05,230,BILL PAID,TRANSACTION FAILED
243,UC733931355983388000,24/10/2020 6:38,419,BILL PAID,WRONG PASSWORD
244,KG995420850904721000,7/7/2020 10:59,740,BILL PAID,NO CREDIT
245,PA264985741814462000,27/2/2016 14:22,345,BILL PAID,NO CREDIT
246,KF367072617494446000,7/10/2017 13:20,533,BILL PENDING PAYMENT,WRONG PASSWORD
247,RI205181707053446000,28/1/2019 23:26,657,BILL PENDING PAYMENT,WRONG PASSWORD
248,TD248563870667991000,10/1/2017 23:28,203,BILL PENDING PAYMENT,NO CREDIT
249,BK960591253748946000,23/9/2019 10:41,678,BILL PAID,WRONG PASSWORD
250,RX159733494180666000,13/3/2019 12:33,830,BILL PAID,WIFI FAILED
251,SI422474058038332000,9/11/2018 15:48,945,BILL PAID,TRANSACTION FAILED
252,QO354123182737881000,1/4/2016 9:49,850,BILL PAID,WRONG PASSWORD
253,UN385003274429208000,3/5/2021 3:44,138,BILL PENDING PAYMENT,WIFI FAILED
254,CH404359125984271000,9/10/2019 18:12,502,BILL PENDING PAYMENT,NA
255,DN934311939414933000,5/9/2020 10:33,838,BILL PAID,WIFI FAILED
256,HU569864385624783000,29/4/2017 1:57,463,BILL PAID,WRONG PASSWORD
257,MQ485490963100745000,30/6/2020 7:17,661,BILL PAID,WRONG PASSWORD
258,WX948654187745777000,11/3/2017 8:03,174,BILL PENDING PAYMENT,NO CREDIT
259,SI724010105374152000,28/4/2017 23:17,287,BILL PENDING PAYMENT,WIFI FAILED
260,LB881501364546630000,15/4/2016 4:40,669,BILL PAID,WIFI FAILED
